Timestamp,FrameNumber,FusionTime_ms,VLP_PreprocTime_ms,msg_to_pts_time_ms,cart_to_pts_time_ms,remap_time_ms,vlp_mean_time_ms,scatter_time_ms,VLP_FilteredTime_ms,sph_to_cart_pts_time_ms,filtered_publish_time_ms,ZED_PC_Time_ms,depth_to_cart_time_ms,pts_to_pc_time_ms,cp_to_np_time_ms,pc_to_msg_time_ms,TotalCallbackTime_ms,ncutoff,threshold
1750794606.8983414,1,48.6297607421875,137.6783847808838,1.7762184143066406,127.51913070678711,5.923271179199219,0.7839202880859375,1.6713142395019531,6.635427474975586,6.372690200805664,0.2467632293701172,19.968509674072266,11.565685272216797,6.799936294555664,2.6133060455322266,3.7331581115722656,234.73834991455078,0.1,1
1750794607.5831847,2,3.1998157501220703,4.264116287231445,2.126932144165039,1.055002212524414,0.9028911590576172,0.06437301635742188,0.11110305786132812,1.1794567108154297,0.9062290191650391,0.25343894958496094,11.158227920532227,6.061553955078125,3.3690929412841797,1.0962486267089844,1.3566017150878906,29.746294021606445,0.1,1
1750794609.5931282,3,2.3651123046875,3.6432743072509766,1.9032955169677734,0.8573532104492188,0.7228851318359375,0.05817413330078125,0.09822845458984375,0.7812976837158203,0.5586147308349609,0.20813941955566406,9.363651275634766,5.049228668212891,2.7189254760742188,1.0459423065185547,1.1129379272460938,24.63078498840332,0.1,1
1750794610.8613892,4,2.5522708892822266,3.4792423248291016,1.657247543334961,0.9524822235107422,0.7169246673583984,0.05316734313964844,0.09632110595703125,0.7843971252441406,0.6051063537597656,0.16736984252929688,11.768817901611328,4.924297332763672,5.440473556518555,1.5976428985595703,3.2739639282226562,25.818824768066406,0.1,1
1750794628.608444,1,2.2644996643066406,16.182899475097656,13.738870620727539,0.7147789001464844,1.6078948974609375,0.04506111145019531,0.07343292236328125,0.7238388061523438,0.6468296051025391,0.06222724914550781,12.236833572387695,5.251407623291016,4.899263381958008,1.4507770538330078,3.1347274780273438,39.121150970458984,0.1,1
1750794629.5656197,1,5.389213562011719,6.783723831176758,1.3239383697509766,2.6123523712158203,2.370119094848633,0.1685619354248047,0.2980232238769531,2.8967857360839844,2.5415420532226562,0.3001689910888672,12.19630241394043,5.421876907348633,4.7626495361328125,1.4269351959228516,1.5947818756103516,45.77159881591797,0.1,1
1750794630.5520844,2,2.4785995483398438,1.93023681640625,0.5481243133544922,0.6847381591796875,0.5681514739990234,0.04839897155761719,0.07843971252441406,0.667572021484375,0.5483627319335938,0.10204315185546875,8.892536163330078,4.965543746948242,2.5866031646728516,0.942230224609375,1.0924339294433594,22.011995315551758,0.1,1
1750794631.6323352,3,7.114887237548828,10.049581527709961,5.20634651184082,2.351522445678711,2.0532608032226562,0.1556873321533203,0.2727508544921875,1.7075538635253906,1.3875961303710938,0.2846717834472656,12.022256851196289,5.240678787231445,4.603385925292969,1.1191368103027344,1.7142295837402344,47.61648178100586,0.1,1
1750794632.5675304,4,3.507375717163086,7.92694091796875,2.6314258575439453,2.507925033569336,2.319812774658203,0.16355514526367188,0.293731689453125,1.5835762023925781,1.47247314453125,0.09632110595703125,9.828329086303711,5.842447280883789,2.5970935821533203,0.9107589721679688,1.1272430419921875,34.96074676513672,0.1,1
1750794633.6165478,5,4.909992218017578,8.057355880737305,2.9113292694091797,2.513408660888672,2.1669864654541016,0.1633167266845703,0.2918243408203125,1.96075439453125,1.5227794647216797,0.3991127014160156,11.931419372558594,6.370782852172852,3.345966339111328,1.4562606811523438,1.3880729675292969,45.73416709899902,0.1,1
1750794634.5686572,1,2.2614002227783203,2.5632381439208984,1.157999038696289,0.7174015045166016,0.5557537078857422,0.04935264587402344,0.080108642578125,0.5850791931152344,0.4496574401855469,0.12445449829101562,8.589029312133789,4.952907562255859,2.380847930908203,0.8561611175537109,0.9694099426269531,22.223711013793945,0.1,1
1750794635.6104844,2,2.438783645629883,4.003047943115234,2.607107162475586,0.7450580596923828,0.5257129669189453,0.0457763671875,0.07581710815429688,0.5853176116943359,0.4413127899169922,0.1323223114013672,12.838602066040039,4.923820495605469,6.448984146118164,2.386331558227539,3.4978389739990234,31.205415725708008,0.1,1
1750794636.6422849,3,4.827022552490234,11.006593704223633,4.531145095825195,3.442049026489258,2.5472640991210938,0.16880035400390625,0.3046989440917969,2.7196407318115234,2.165079116821289,0.4794597625732422,11.3677978515625,6.343603134155273,3.1354427337646484,1.0600090026855469,1.3301372528076172,48.03586006164551,0.1,1
1750794637.6252408,4,2.5339126586914062,3.804922103881836,1.8451213836669922,0.8301734924316406,0.8738040924072266,0.15616416931152344,0.09584426879882812,0.8437633514404297,0.6325244903564453,0.19598007202148438,12.704849243164062,6.996393203735352,3.891468048095703,1.4705657958984375,1.8765926361083984,28.448104858398438,0.1,1
1750794638.6304333,5,5.009889602661133,11.695146560668945,5.024194717407227,3.4008026123046875,2.405881881713867,0.22482872009277344,0.6265640258789062,2.3717880249023438,1.8458366394042969,0.4856586456298828,12.08043098449707,5.699634552001953,3.6427974700927734,1.3277530670166016,1.7671585083007812,49.74627494812012,0.1,1
1750794639.5932996,1,4.944801330566406,10.622262954711914,5.369663238525391,2.491474151611328,2.2728443145751953,0.16355514526367188,0.31375885009765625,1.5461444854736328,1.1458396911621094,0.3726482391357422,10.052680969238281,5.464315414428711,2.9151439666748047,1.1279582977294922,1.226186752319336,40.479421615600586,0.1,1
1750794640.580103,2,2.848386764526367,9.729862213134766,4.608392715454102,2.442598342895508,2.2182464599609375,0.1628398895263672,0.28777122497558594,2.3610591888427734,2.1855831146240234,0.16069412231445312,9.149551391601562,5.347967147827148,2.553701400756836,0.946044921875,1.1935234069824219,35.92109680175781,0.1,1
1750794641.6530435,3,2.278566360473633,3.097057342529297,1.6560554504394531,0.7481575012207031,0.5621910095214844,0.048160552978515625,0.07843971252441406,0.69427490234375,0.5142688751220703,0.1666545867919922,9.345769882202148,5.111217498779297,2.7551651000976562,1.0101795196533203,1.3537406921386719,22.965192794799805,0.1,1
1750794642.5773702,4,2.289295196533203,3.091573715209961,1.5993118286132812,0.7457733154296875,0.6160736083984375,0.04935264587402344,0.07867813110351562,0.6868839263916016,0.5123615264892578,0.1614093780517578,9.014129638671875,5.081415176391602,2.6750564575195312,1.0137557983398438,1.2576580047607422,22.450923919677734,0.1,1
1750794643.5808122,5,2.260923385620117,2.9599666595458984,1.5916824340820312,0.7076263427734375,0.5352497100830078,0.04696846008300781,0.07605552673339844,0.6420612335205078,0.46944618225097656,0.1609325408935547,8.985280990600586,5.078792572021484,2.6366710662841797,1.0082721710205078,1.2352466583251953,22.033214569091797,0.1,1
1750794644.5738008,6,5.244970321655273,10.171651840209961,4.8770904541015625,2.4933815002441406,2.3233890533447266,0.1685619354248047,0.29850006103515625,2.191781997680664,1.6372203826904297,0.5147457122802734,12.907028198242188,6.217241287231445,4.445791244506836,1.5294551849365234,1.936197280883789,50.06241798400879,0.1,1
1750794645.629184,1,3.3364295959472656,18.56207847595215,12.885808944702148,2.8998851776123047,2.2940635681152344,0.16951560974121094,0.30112266540527344,1.3015270233154297,0.9746551513671875,0.30350685119628906,16.46113395690918,5.928754806518555,9.132862091064453,3.6559104919433594,5.076885223388672,60.55736541748047,0.1,1
1750794646.6113124,2,6.061315536499023,11.216878890991211,5.147218704223633,3.0150413513183594,2.5544166564941406,0.1888275146484375,0.2999305725097656,2.5720596313476562,1.8062591552734375,0.7236003875732422,10.474443435668945,5.1727294921875,3.5772323608398438,1.2900829315185547,1.6982555389404297,47.484636306762695,0.1,1
1750794647.6198637,3,5.152225494384766,10.939598083496094,5.693197250366211,2.4967193603515625,2.274036407470703,0.16927719116210938,0.2956390380859375,2.158641815185547,1.5978813171386719,0.5228519439697266,11.42430305480957,5.397558212280273,3.8704872131347656,1.4657974243164062,1.821756362915039,49.49021339416504,0.1,1
1750794648.558771,4,4.956245422363281,10.581493377685547,4.8122406005859375,2.9315948486328125,2.362489700317383,0.16617774963378906,0.2987384796142578,2.210855484008789,1.6131401062011719,0.5593299865722656,10.738849639892578,5.506753921508789,3.3876895904541016,1.24359130859375,1.5702247619628906,46.646833419799805,0.1,1
1750794649.609469,5,5.91588020324707,11.018753051757812,5.143880844116211,3.0879974365234375,2.3081302642822266,0.1671314239501953,0.2999305725097656,2.1674633026123047,1.5997886657714844,0.5280971527099609,10.449647903442383,4.601955413818359,3.5834312438964844,1.3575553894042969,1.7948150634765625,48.06637763977051,0.1,1
1750794650.5541303,1,3.594636917114258,3.769397735595703,1.7595291137695312,0.9355545043945312,0.8602142333984375,0.07295608520507812,0.1373291015625,0.9844303131103516,0.7789134979248047,0.19073486328125,11.435270309448242,6.060123443603516,3.5893917083740234,1.6219615936279297,1.5709400177001953,30.441999435424805,0.1,1
1750794651.6275039,2,3.4024715423583984,14.013051986694336,6.21795654296875,3.7384033203125,3.37982177734375,0.21600723266601562,0.4456043243408203,2.4297237396240234,1.9249916076660156,0.4646778106689453,8.6212158203125,3.9992332458496094,3.0264854431152344,1.1374950408935547,1.5225410461425781,44.51465606689453,0.1,1
1750794652.584122,3,4.011631011962891,4.843473434448242,2.58636474609375,1.1446475982666016,0.9233951568603516,0.06723403930664062,0.11682510375976562,0.9431838989257812,0.7071495056152344,0.2181529998779297,9.701251983642578,5.2471160888671875,2.983570098876953,1.1432170867919922,1.241445541381836,28.58901023864746,0.1,1
1750794653.7043571,4,2.5856494903564453,3.852367401123047,1.934051513671875,0.8985996246337891,0.8447170257568359,0.0629425048828125,0.10824203491210938,0.8263587951660156,0.6005764007568359,0.21147727966308594,11.519670486450195,5.731344223022461,3.8661956787109375,1.3854503631591797,1.8951892852783203,28.415441513061523,0.1,1
1750794654.6056879,5,2.3260116577148438,3.306150436401367,1.7430782318115234,0.7989406585693359,0.6191730499267578,0.05245208740234375,0.08845329284667969,0.7519721984863281,0.5574226379394531,0.18024444580078125,11.646509170532227,4.962921142578125,3.4699440002441406,1.0666847229003906,1.8138885498046875,27.067899703979492,0.1,1
1750794655.607946,6,10.232925415039062,5.861043930053711,2.1331310272216797,2.063751220703125,1.4679431915283203,0.06914138793945312,0.12326240539550781,1.4672279357910156,0.9639263153076172,0.48542022705078125,17.6851749420166,6.905317306518555,7.83991813659668,2.7980804443359375,3.6547183990478516,48.82526397705078,0.1,1
1750794656.6026218,1,4.424571990966797,10.050296783447266,4.765033721923828,2.5730133056640625,2.2635459899902344,0.15997886657714844,0.2789497375488281,2.862215042114258,1.5420913696289062,1.2807846069335938,15.004158020019531,5.650043487548828,6.222009658813477,1.4290809631347656,4.303932189941406,49.51596260070801,0.1,1
1750794657.6549673,2,4.354238510131836,5.511999130249023,2.7222633361816406,1.3608932495117188,1.1751651763916016,0.08988380432128906,0.15807151794433594,1.6696453094482422,0.9217262268066406,0.7131099700927734,17.668962478637695,7.86137580871582,6.545305252075195,1.3344287872314453,4.287481307983398,43.32447052001953,0.1,1
1750794658.6287425,3,2.8595924377441406,18.03302764892578,12.681961059570312,2.6154518127441406,2.2640228271484375,0.16450881958007812,0.2963542938232422,3.469228744506836,1.5532970428466797,1.889944076538086,19.482851028442383,5.256175994873047,9.84334945678711,4.692792892456055,4.557609558105469,69.17285919189453,0.1,1
1750794659.6797445,4,5.323886871337891,10.44774055480957,5.00798225402832,2.561807632446289,2.352476119995117,0.1704692840576172,0.34356117248535156,3.0243396759033203,1.6324520111083984,1.35040283203125,21.104097366333008,6.398677825927734,9.345769882202148,4.380464553833008,4.620552062988281,60.84442138671875,0.1,1
1750794660.67789,5,5.284786224365234,10.279417037963867,4.944324493408203,2.578258514404297,2.2821426391601562,0.16641616821289062,0.29754638671875,3.032684326171875,1.6760826110839844,1.313924789428711,16.481876373291016,5.688905715942383,7.210731506347656,1.491546630859375,5.106449127197266,54.85820770263672,0.1,1
1750794661.6247141,1,4.997491836547852,10.604619979858398,5.278348922729492,2.5625228881835938,2.2439956665039062,0.16760826110839844,0.34117698669433594,3.198385238647461,1.678466796875,1.4710426330566406,18.509387969970703,8.911848068237305,4.477739334106445,1.7304420471191406,2.1822452545166016,59.67211723327637,0.1,1
1750794662.6082513,2,4.390716552734375,12.068986892700195,5.13911247253418,4.170894622802734,2.2819042205810547,0.1690387725830078,0.2968311309814453,3.041982650756836,1.7397403717041016,1.2607574462890625,16.312122344970703,8.331298828125,3.6673545837402344,1.3222694396972656,1.7924308776855469,55.29212951660156,0.1,1
1750794663.6740258,3,4.445075988769531,10.086297988891602,4.871129989624023,2.505064010620117,2.240896224975586,0.16355514526367188,0.2956390380859375,3.003358840942383,1.6808509826660156,1.2803077697753906,11.895179748535156,5.410432815551758,3.2618045806884766,1.2555122375488281,1.4295578002929688,47.2569465637207,0.1,1
1750794664.6317782,4,3.134489059448242,10.087966918945312,4.712820053100586,2.4802684783935547,2.432584762573242,0.16379356384277344,0.2880096435546875,2.4390220642089844,1.4224052429199219,0.9839534759521484,11.556386947631836,5.328655242919922,3.1440258026123047,1.1997222900390625,1.3616085052490234,42.55223274230957,0.1,1
1750794665.5975795,5,4.866123199462891,8.57853889465332,4.378318786621094,2.0303726196289062,1.8036365509033203,0.13017654418945312,0.2281665802001953,2.7260780334472656,1.641988754272461,1.0492801666259766,14.438867568969727,6.347894668579102,4.17780876159668,1.3420581817626953,1.5497207641601562,49.10850524902344,0.1,1
1750794666.643558,6,2.6459693908691406,3.2095909118652344,1.6796588897705078,0.782012939453125,0.6074905395507812,0.051975250244140625,0.0858306884765625,1.0371208190917969,0.5600452423095703,0.4620552062988281,11.416435241699219,5.334138870239258,2.9511451721191406,1.1019706726074219,1.2669563293457031,28.208494186401367,0.1,1
1750794667.6786635,1,2.871274948120117,18.125534057617188,12.79306411743164,2.5849342346191406,2.277374267578125,0.16307830810546875,0.2956390380859375,2.594470977783203,0.9341239929199219,1.634836196899414,17.94147491455078,5.3234100341796875,9.345293045043945,4.669904708862305,4.098176956176758,63.541412353515625,0.1,1
1750794668.6313195,2,3.8475990295410156,3.2968521118164062,1.6667842864990234,0.7312297821044922,0.7348060607910156,0.060558319091796875,0.10037422180175781,1.4603137969970703,0.9834766387939453,0.45943260192871094,16.87455177307129,5.842924118041992,6.829500198364258,2.668142318725586,3.520965576171875,34.67988967895508,0.1,1
1750794669.5725372,3,2.7768611907958984,2.9528141021728516,1.5554428100585938,0.7078647613525391,0.5700588226318359,0.04553794860839844,0.07152557373046875,0.8330345153808594,0.4582405090332031,0.3628730773925781,12.199878692626953,5.204677581787109,3.548145294189453,1.6126632690429688,1.3604164123535156,27.43244171142578,0.1,1
1750794670.6671298,4,1.920938491821289,3.363370895385742,1.8248558044433594,0.7684230804443359,0.6265640258789062,0.052928924560546875,0.08726119995117188,1.0421276092529297,0.6303787231445312,0.3979206085205078,15.587568283081055,4.3430328369140625,8.046150207519531,3.4399032592773438,4.131793975830078,36.08107566833496,0.1,1
1750794671.5998905,5,2.1910667419433594,3.582477569580078,1.7969608306884766,0.9918212890625,0.6532669067382812,0.05173683166503906,0.0858306884765625,1.4545917510986328,0.9109973907470703,0.5245208740234375,10.405540466308594,4.235982894897461,2.8162002563476562,1.0747909545898438,1.294851303100586,27.291297912597656,0.1,1
1750794672.577906,6,4.031181335449219,8.15129280090332,3.990650177001953,1.955270767211914,1.8281936645507812,0.13685226440429688,0.23221969604492188,2.7246475219726562,1.6753673553466797,1.0099411010742188,12.454509735107422,5.280494689941406,3.641366958618164,1.5075206756591797,1.565694808959961,45.24350166320801,0.1,1
1750794673.6052954,1,2.599954605102539,2.988576889038086,1.569986343383789,0.7421970367431641,0.553131103515625,0.04601478576660156,0.0743865966796875,1.1420249938964844,0.736236572265625,0.3917217254638672,15.517950057983398,6.00433349609375,6.566524505615234,2.7570724487304688,3.0889511108398438,32.20486640930176,0.1,1
1750794674.6655543,2,2.4890899658203125,3.4492015838623047,1.951456069946289,0.7660388946533203,0.5936622619628906,0.0514984130859375,0.08368492126464844,0.9415149688720703,0.5192756652832031,0.408172607421875,17.315149307250977,6.032466888427734,7.191658020019531,2.866029739379883,3.7839412689208984,33.89573097229004,0.1,1
1750794675.598521,3,2.9625892639160156,2.992391586303711,1.6858577728271484,0.6835460662841797,0.5021095275878906,0.04410743713378906,0.07295608520507812,0.8039474487304688,0.43201446533203125,0.35858154296875,11.481046676635742,6.00123405456543,2.8722286224365234,1.0535717010498047,1.0790824890136719,27.64582633972168,0.1,1
1750794676.638082,4,2.603292465209961,3.1855106353759766,1.8239021301269531,0.6992816925048828,0.5445480346679688,0.04506111145019531,0.0705718994140625,0.7965564727783203,0.44226646423339844,0.34356117248535156,15.136241912841797,5.409955978393555,6.759881973266602,2.503633499145508,3.0829906463623047,34.78240966796875,0.1,1
1750794677.6715724,5,2.6082992553710938,3.037691116333008,1.6415119171142578,0.7457733154296875,0.5257129669189453,0.04601478576660156,0.07534027099609375,0.8304119110107422,0.45013427734375,0.36835670471191406,12.847185134887695,4.9571990966796875,4.791975021362305,1.0123252868652344,3.1599998474121094,28.02872657775879,0.1,1
1750794678.659588,1,2.5849342346191406,3.1223297119140625,1.6856193542480469,0.7805824279785156,0.5321502685546875,0.04696846008300781,0.0743865966796875,0.8182525634765625,0.44798851013183594,0.35834312438964844,12.671947479248047,6.398200988769531,3.6003589630126953,1.268625259399414,1.3456344604492188,27.874469757080078,0.1,1
1750794679.6224077,2,3.216266632080078,3.165006637573242,1.764059066772461,0.7338523864746094,0.5402565002441406,0.047206878662109375,0.07605552673339844,1.390218734741211,1.0275840759277344,0.35071372985839844,11.394500732421875,5.252838134765625,2.9838085174560547,1.0864734649658203,1.1339187622070312,27.52089500427246,0.1,1
1750794680.7390432,3,2.6044845581054688,3.1232833862304688,1.7542839050292969,0.7250308990478516,0.522613525390625,0.04601478576660156,0.072479248046875,0.904083251953125,0.5190372467041016,0.37169456481933594,13.44752311706543,7.577657699584961,2.834796905517578,1.0521411895751953,1.2180805206298828,28.896331787109375,0.1,1
1750794681.6559355,4,2.582550048828125,3.000020980834961,1.6758441925048828,0.6911754608154297,0.5135536193847656,0.04506111145019531,0.07152557373046875,1.8100738525390625,1.4345645904541016,0.36215782165527344,14.971256256103516,4.950523376464844,7.425785064697266,3.786802291870117,3.0663013458251953,33.905744552612305,0.1,1
1750794682.6846504,5,2.689361572265625,3.398895263671875,1.8029212951660156,0.7266998291015625,0.7016658782958984,0.059604644775390625,0.10442733764648438,0.850677490234375,0.47397613525390625,0.36406517028808594,10.284185409545898,5.00941276550293,2.490997314453125,0.8995532989501953,1.0237693786621094,26.09539031982422,0.1,1
1750794683.7120981,1,3.755331039428711,4.011631011962891,1.7597675323486328,1.436471939086914,0.6849765777587891,0.049591064453125,0.07724761962890625,0.8401870727539062,0.4673004150390625,0.3600120544433594,10.534524917602539,5.044698715209961,2.8705596923828125,1.2278556823730469,1.0809898376464844,28.321266174316406,0.1,1
1750794684.7039576,2,2.8336048126220703,4.6825408935546875,1.8911361694335938,0.8990764617919922,1.7669200897216797,0.04649162292480469,0.07557868957519531,1.2211799621582031,0.728607177734375,0.4787445068359375,14.351844787597656,6.537437438964844,5.318880081176758,3.116130828857422,1.332998275756836,33.53691101074219,0.1,1
1750794685.7193058,3,2.7923583984375,3.8492679595947266,1.989126205444336,1.0018348693847656,0.7066726684570312,0.05316734313964844,0.09560585021972656,0.9663105010986328,0.5824565887451172,0.3705024719238281,12.97760009765625,6.281137466430664,4.163265228271484,2.583742141723633,0.9982585906982422,29.189109802246094,0.1,1
1750794686.720118,4,2.619504928588867,3.032207489013672,1.6465187072753906,0.7135868072509766,0.5519390106201172,0.045299530029296875,0.07224082946777344,0.8053779602050781,0.4420280456542969,0.3516674041748047,10.227441787719727,4.980802536010742,2.827882766723633,1.1856555938720703,1.0771751403808594,25.321483612060547,0.1,1
1750794687.7930562,5,9.078025817871094,4.33802604675293,1.9237995147705078,0.8571147918701172,1.386404037475586,0.05936622619628906,0.10704994201660156,1.4662742614746094,0.9548664093017578,0.4940032958984375,19.415616989135742,11.705875396728516,4.418373107910156,1.2209415435791016,1.2464523315429688,49.5295524597168,0.1,1
1750794688.7712965,1,2.1212100982666016,3.1087398529052734,1.718282699584961,0.6806850433349609,0.5819797515869141,0.046253204345703125,0.07915496826171875,0.8406639099121094,0.47707557678222656,0.3502368927001953,10.445594787597656,4.059314727783203,3.5567283630371094,0.9703636169433594,1.832723617553711,25.192975997924805,0.1,1
1750794689.7469616,2,1.8072128295898438,3.4999847412109375,1.8301010131835938,1.0042190551757812,0.5409717559814453,0.04673004150390625,0.07534027099609375,0.8363723754882812,0.45871734619140625,0.36406517028808594,9.45281982421875,3.77655029296875,2.859830856323242,1.5645027160644531,0.9374618530273438,24.75452423095703,0.1,1
1750794690.743688,3,2.6040077209472656,3.1108856201171875,1.7819404602050781,0.6952285766601562,0.5125999450683594,0.04553794860839844,0.072479248046875,0.8029937744140625,0.4315376281738281,0.3578662872314453,13.893604278564453,4.997968673706055,6.139993667602539,2.724170684814453,2.8417110443115234,28.932809829711914,0.1,1
1750794691.775675,4,2.6133060455322266,3.0083656311035156,1.676797866821289,0.69427490234375,0.5152225494384766,0.045299530029296875,0.07390975952148438,0.8177757263183594,0.4277229309082031,0.37670135498046875,10.316133499145508,4.954338073730469,2.7866363525390625,1.218557357788086,1.0006427764892578,25.085926055908203,0.1,1
1750794692.7541008,5,4.628419876098633,3.21197509765625,1.7235279083251953,0.7600784301757812,0.5919933319091797,0.05030632019042969,0.08273124694824219,0.9393692016601562,0.5395412445068359,0.3871917724609375,12.691020965576172,4.997968673706055,5.16510009765625,3.5719871520996094,1.0313987731933594,31.25596046447754,0.1,1
1750794693.749779,6,2.607107162475586,3.5758018493652344,1.7819404602050781,0.9787082672119141,0.6785392761230469,0.05054473876953125,0.08296966552734375,0.8974075317382812,0.4925727844238281,0.3902912139892578,12.371301651000977,4.971981048583984,4.821538925170898,3.1991004943847656,1.058816909790039,29.1898250579834,0.1,1
1750794694.8149083,1,2.596616744995117,3.110647201538086,1.6794204711914062,0.7410049438476562,0.5600452423095703,0.047206878662109375,0.07963180541992188,0.8389949798583984,0.45800209045410156,0.36644935607910156,12.021064758300781,6.328344345092773,3.0019283294677734,0.9238719940185547,1.2238025665283203,27.147293090820312,0.1,1
1750794695.7547786,2,4.739046096801758,3.604888916015625,1.8181800842285156,0.911712646484375,0.7123947143554688,0.05173683166503906,0.10752677917480469,0.9682178497314453,0.5781650543212891,0.37598609924316406,12.627124786376953,7.476329803466797,2.440214157104492,0.9279251098632812,0.9338855743408203,30.951499938964844,0.1,1
1750794696.7878842,3,6.623744964599609,3.693103790283203,1.8925666809082031,0.8080005645751953,0.8361339569091797,0.05221366882324219,0.10013580322265625,0.9591579437255859,0.5350112915039062,0.4107952117919922,14.876604080200195,6.555080413818359,5.591630935668945,1.6837120056152344,3.3354759216308594,36.11946105957031,0.1,1
1750794697.8390448,4,4.054546356201172,3.3431053161621094,1.8455982208251953,0.7710456848144531,0.5927085876464844,0.05030632019042969,0.08058547973632812,0.9214878082275391,0.49996376037597656,0.4069805145263672,12.814521789550781,7.392406463623047,2.620220184326172,0.9558200836181641,1.0988712310791016,31.2345027923584,0.1,1
1750794699.8334968,5,3.8466453552246094,3.9505958557128906,2.079486846923828,1.0027885437011719,0.7178783416748047,0.05555152893066406,0.09107589721679688,1.1777877807617188,0.6878376007080078,0.47469139099121094,13.796091079711914,7.048130035400391,3.5996437072753906,1.1420249938964844,1.4536380767822266,32.7908992767334,0.1,1
1750794700.8306115,1,3.998994827270508,3.170490264892578,1.6453266143798828,0.7817745208740234,0.606536865234375,0.05125999450683594,0.08273124694824219,0.9047985076904297,0.48279762268066406,0.4096031188964844,14.590978622436523,4.367828369140625,7.006645202636719,1.2805461883544922,4.538774490356445,33.12230110168457,0.1,1
1750794701.8147843,2,2.4111270904541016,3.028392791748047,1.6779899597167969,0.7162094116210938,0.5121231079101562,0.046253204345703125,0.072479248046875,1.0209083557128906,0.6203651428222656,0.3859996795654297,11.784553527832031,6.325483322143555,2.779245376586914,0.8742809295654297,1.3344287872314453,26.877164840698242,0.1,1
1750794702.8085706,3,2.5954246520996094,3.0639171600341797,1.6291141510009766,0.7448196411132812,0.5593299865722656,0.04887580871582031,0.07867813110351562,0.9002685546875,0.48422813415527344,0.3998279571533203,10.279417037963867,5.063056945800781,2.4569034576416016,0.9372234344482422,0.9524822235107422,25.63023567199707,0.1,1
1750794704.8203435,4,7.190704345703125,3.8437843322753906,2.2144317626953125,0.7932186126708984,0.6992816925048828,0.05078315734863281,0.08225440979003906,1.1396408081054688,0.5242824554443359,0.5991458892822266,12.296676635742188,6.367921829223633,2.875804901123047,1.2176036834716797,1.1789798736572266,35.4304313659668,0.1,1
1750794705.8336372,5,1.9414424896240234,3.0400753021240234,1.6319751739501953,0.7200241088867188,0.5586147308349609,0.04792213439941406,0.07843971252441406,0.873565673828125,0.4761219024658203,0.3840923309326172,10.751962661743164,5.553722381591797,2.4633407592773438,1.0178089141845703,0.9870529174804688,25.83599090576172,0.1,1
1750794706.9384396,1,2.838134765625,6.101846694946289,1.9483566284179688,1.5125274658203125,2.5038719177246094,0.05078315734863281,0.08273124694824219,0.9543895721435547,0.5183219909667969,0.42319297790527344,13.978242874145508,7.211446762084961,3.6666393280029297,0.9832382202148438,0.9834766387939453,33.811092376708984,0.1,1
1750794709.5964031,2,4.376411437988281,7.702112197875977,4.265069961547852,2.4962425231933594,0.7750988006591797,0.05984306335449219,0.10085105895996094,1.3270378112792969,0.8404254913330078,0.47087669372558594,12.12620735168457,5.242109298706055,2.866029739379883,0.9930133819580078,1.3229846954345703,36.25130653381348,0.1,1
1750794710.8707502,3,2.647876739501953,2.9838085174560547,1.6324520111083984,0.7047653198242188,0.5252361297607422,0.04458427429199219,0.07414817810058594,0.8451938629150391,0.45418739318847656,0.37932395935058594,12.380361557006836,5.00178337097168,4.846096038818359,2.406597137451172,1.8696784973144531,27.13298797607422,0.1,1
1750794809.5948029,1,3.0045509338378906,19.855260848999023,17.475366592407227,1.2407302856445312,0.9377002716064453,0.06985664367675781,0.12612342834472656,1.2526512145996094,0.70953369140625,0.5252361297607422,12.988805770874023,7.630109786987305,2.393007278442383,0.9143352508544922,1.0266304016113281,47.76787757873535,0.1,1
1750794810.8479297,1,2.683401107788086,3.0791759490966797,1.7354488372802734,0.7061958312988281,0.5185604095458984,0.04506111145019531,0.07176399230957031,0.8416175842285156,0.4534721374511719,0.3764629364013672,13.005733489990234,6.119251251220703,4.493236541748047,2.214193344116211,1.7125606536865234,28.848648071289062,0.1,1
1750794811.9791412,2,2.608776092529297,2.9859542846679688,1.5892982482910156,0.6937980651855469,0.5805492401123047,0.0457763671875,0.0743865966796875,0.850677490234375,0.45990943908691406,0.37932395935058594,15.546560287475586,4.976987838745117,7.630109786987305,3.8373470306396484,3.2286643981933594,30.265331268310547,0.1,1
1750794813.7020752,3,3.7283897399902344,5.19108772277832,2.4423599243164062,1.3394355773925781,1.1680126190185547,0.08296966552734375,0.15401840209960938,1.5759468078613281,0.9038448333740234,0.6506443023681641,30.049562454223633,7.251262664794922,14.291524887084961,1.4150142669677734,12.342691421508789,56.17022514343262,0.1,1
1750794814.6196828,4,5.7353973388671875,10.871648788452148,5.578756332397461,2.4836063385009766,2.304553985595703,0.19288063049316406,0.3018379211425781,3.028392791748047,1.6524791717529297,1.3189315795898438,16.236066818237305,8.402109146118164,4.108905792236328,1.5614032745361328,1.7032623291015625,56.902408599853516,0.1,1
1750794815.617279,1,5.080223083496094,2.9730796813964844,1.6503334045410156,0.6787776947021484,0.5161762237548828,0.047206878662109375,0.07748603820800781,0.8482933044433594,0.4668235778808594,0.36978721618652344,17.744064331054688,6.638526916503906,7.197141647338867,1.3270378112792969,5.358457565307617,38.559913635253906,0.1,1
1750794816.5327134,2,3.2074451446533203,2.889394760131836,1.5671253204345703,0.6926059722900391,0.5095005035400391,0.04363059997558594,0.07367134094238281,0.8726119995117188,0.47326087951660156,0.38743019104003906,12.707710266113281,6.347894668579102,3.5207271575927734,1.2018680572509766,1.4643669128417969,29.703617095947266,0.1,1
1750794817.6451857,3,3.2618045806884766,13.176918029785156,5.112409591674805,4.247426986694336,3.218412399291992,0.19240379333496094,0.3933906555175781,2.3958683013916016,1.4302730560302734,0.9348392486572266,16.848325729370117,5.417585372924805,3.967761993408203,1.5299320220947266,1.9142627716064453,51.35941505432129,0.1,1
1750794818.593145,4,3.0090808868408203,17.0137882232666,11.842012405395508,2.437114715576172,2.2776126861572266,0.16164779663085938,0.2846717834472656,4.469633102416992,1.5799999237060547,2.8486251831054688,19.12236213684082,5.075216293334961,10.704755783081055,5.539655685424805,4.587888717651367,72.97444343566895,0.1,1
1750794819.6532984,5,2.263307571411133,6.171703338623047,4.742145538330078,0.7081031799316406,0.6012916564941406,0.045299530029296875,0.07128715515136719,1.0290145874023438,0.6234645843505859,0.3924369812011719,24.946212768554688,6.614208221435547,10.487794876098633,4.050254821777344,5.611181259155273,45.16768455505371,0.1,1
1750794820.5743067,1,2.648591995239258,2.9287338256835938,1.5227794647216797,0.7288455963134766,0.5457401275634766,0.04887580871582031,0.080108642578125,0.9140968322753906,0.4990100860595703,0.39839744567871094,14.822721481323242,5.868196487426758,5.757570266723633,1.3692378997802734,3.798961639404297,30.400991439819336,0.1,1
1750794821.5437582,2,5.354166030883789,9.737253189086914,4.553318023681641,2.4576187133789062,2.2590160369873047,0.1633167266845703,0.2932548522949219,2.989053726196289,1.7242431640625,1.2233257293701172,19.120454788208008,9.39035415649414,6.284952163696289,1.3873577117919922,4.320383071899414,56.55407905578613,0.1,1
1750794822.5149913,3,2.6459693908691406,2.969980239868164,1.4758110046386719,0.7674694061279297,0.5900859832763672,0.05030632019042969,0.08320808410644531,1.1096000671386719,0.6906986236572266,0.40435791015625,11.06715202331543,4.99272346496582,2.962350845336914,1.0657310485839844,1.3201236724853516,27.154207229614258,0.1,1
1750794823.6426225,4,4.972934722900391,10.339498519897461,4.441022872924805,2.715587615966797,2.6628971099853516,0.16736984252929688,0.34117698669433594,2.847433090209961,1.6112327575683594,1.1951923370361328,13.7939453125,6.505727767944336,3.4575462341308594,1.4195442199707031,1.468658447265625,52.62017250061035,0.1,1
1750794824.6272886,5,2.600431442260742,4.469394683837891,3.0977725982666016,0.7078647613525391,0.5331039428710938,0.04839897155761719,0.07915496826171875,1.2631416320800781,0.5097389221191406,0.7407665252685547,19.38343048095703,4.951238632202148,10.351419448852539,4.427433013916016,4.095315933227539,41.5196418762207,0.1,1
1750794825.5570416,6,6.6547393798828125,10.397195816040039,5.189418792724609,2.5343894958496094,2.191305160522461,0.18095970153808594,0.29087066650390625,3.153562545776367,1.9383430480957031,1.1751651763916016,19.608020782470703,6.650209426879883,8.035659790039062,3.2317638397216797,3.9887428283691406,59.654951095581055,0.1,1
1750794826.5883238,1,5.738973617553711,10.483026504516602,5.301237106323242,2.4564266204833984,2.2516250610351562,0.1652240753173828,0.29754638671875,2.8645992279052734,1.653909683227539,1.169443130493164,21.2557315826416,7.279634475708008,9.67264175415039,1.9435882568359375,6.984233856201172,61.553955078125,0.1,1
1750794827.584849,2,4.408121109008789,17.457962036132812,11.652946472167969,3.0753612518310547,2.262592315673828,0.16021728515625,0.2961158752441406,3.1599998474121094,1.21307373046875,1.9168853759765625,17.519474029541016,5.318403244018555,9.45734977722168,4.548311233520508,4.29534912109375,68.38345527648926,0.1,1
1750794828.5800965,3,4.322290420532227,2.7577877044677734,1.4786720275878906,0.67138671875,0.4901885986328125,0.04410743713378906,0.07033348083496094,0.8020401000976562,0.43845176696777344,0.3523826599121094,11.561870574951172,4.948139190673828,2.5637149810791016,0.9489059448242188,1.0406970977783203,28.264284133911133,0.1,1
1750794829.519024,4,2.4595260620117188,3.206014633178711,1.4727115631103516,0.9362697601318359,0.6680488586425781,0.04839897155761719,0.0782012939453125,0.8425712585449219,0.4544258117675781,0.3752708435058594,10.082483291625977,5.029916763305664,2.5627613067626953,0.9825229644775391,1.0552406311035156,25.41947364807129,0.1,1
1750794830.5710182,5,6.187200546264648,9.774208068847656,4.590034484863281,2.4886131286621094,2.234935760498047,0.16236305236816406,0.2872943878173828,2.771139144897461,1.5592575073242188,1.172780990600586,13.338088989257812,6.976842880249023,3.2825469970703125,1.1551380157470703,1.2712478637695312,52.75297164916992,0.1,1
1750794831.5877867,1,3.955364227294922,2.943754196166992,1.5523433685302734,0.7147789001464844,0.5488395690917969,0.04792213439941406,0.07724761962890625,0.9236335754394531,0.5049705505371094,0.4050731658935547,10.222196578979492,5.006313323974609,2.5475025177001953,0.9334087371826172,1.0502338409423828,27.636051177978516,0.1,1
1750794832.5286613,2,2.611875534057617,2.7959346771240234,1.4719963073730469,0.6964206695556641,0.5047321319580078,0.0457763671875,0.07343292236328125,0.7870197296142578,0.4286766052246094,0.347137451171875,9.9945068359375,4.954338073730469,2.4983882904052734,0.9527206420898438,0.9732246398925781,24.624109268188477,0.1,1
1750794833.6035335,3,5.909204483032227,10.034561157226562,4.835844039916992,2.5641918182373047,2.1741390228271484,0.16236305236816406,0.2880096435546875,3.8480758666992188,2.5446414947509766,1.260995864868164,14.803171157836914,8.680105209350586,2.8498172760009766,1.0943412780761719,1.211404800415039,54.2604923248291,0.1,1
1750794834.5685978,4,2.6710033416748047,9.890556335449219,5.162239074707031,2.0971298217773438,2.1448135375976562,0.16641616821289062,0.31065940856933594,2.918720245361328,2.1543502807617188,0.7393360137939453,11.090517044067383,5.097627639770508,3.3407211303710938,1.277923583984375,1.4960765838623047,39.95966911315918,0.1,1
1750794835.6212008,5,3.353118896484375,18.089771270751953,12.580156326293945,3.389596939086914,1.6536712646484375,0.15544891357421875,0.3001689910888672,2.4640560150146484,1.1484622955322266,1.2917518615722656,19.529342651367188,8.194684982299805,8.804798126220703,3.7348270416259766,3.3960342407226562,64.42666053771973,0.1,1
1750794836.6111364,1,4.858493804931641,9.7198486328125,4.619359970092773,2.4433135986328125,2.194643020629883,0.16236305236816406,0.2903938293457031,3.7539005279541016,2.489328384399414,1.222372055053711,17.527103424072266,9.666919708251953,2.8591156005859375,1.0313987731933594,1.2722015380859375,55.141448974609375,0.1,1
1750794837.6052506,2,2.6319026947021484,3.140687942504883,1.6770362854003906,0.7245540618896484,0.5645751953125,0.06341934204101562,0.10776519775390625,0.9315013885498047,0.5199909210205078,0.3972053527832031,10.718822479248047,5.285978317260742,2.7153491973876953,1.0776519775390625,1.0769367218017578,26.262998580932617,0.1,1
1750794838.564528,3,2.5937557220458984,2.8672218322753906,1.523733139038086,0.7085800170898438,0.5145072937011719,0.04673004150390625,0.07176399230957031,1.4181137084960938,1.0294914245605469,0.37479400634765625,11.548757553100586,5.892753601074219,3.1387805938720703,0.9663105010986328,1.0457038879394531,26.924610137939453,0.1,1
1750794839.6032562,4,7.086277008056641,19.944190979003906,12.209177017211914,3.7107467651367188,3.419160842895508,0.19812583923339844,0.3941059112548828,3.8175582885742188,1.6040802001953125,2.179861068725586,18.33820343017578,5.433082580566406,9.886741638183594,4.791021347045898,4.530429840087891,81.14910125732422,0.1,1
1750794840.5447986,5,2.2509098052978516,2.8667449951171875,1.5063285827636719,0.7104873657226562,0.5266666412353516,0.04553794860839844,0.07534027099609375,0.8254051208496094,0.44226646423339844,0.3616809844970703,15.480279922485352,8.943796157836914,2.6900768280029297,1.03759765625,1.0724067687988281,31.1434268951416,0.1,1
1750794841.663298,6,4.883527755737305,11.304616928100586,4.856109619140625,2.5539398193359375,3.4303665161132812,0.16045570373535156,0.2930164337158203,2.789735794067383,1.550912857055664,1.1985301971435547,14.460086822509766,6.831884384155273,4.03904914855957,1.3701915740966797,1.8415451049804688,53.063154220581055,0.1,1
1750794842.588107,1,5.954265594482422,11.548757553100586,4.598379135131836,2.43377685546875,4.022359848022461,0.17881393432617188,0.3044605255126953,2.996683120727539,1.7583370208740234,1.1963844299316406,16.379594802856445,6.137609481811523,6.751537322998047,1.6605854034423828,4.515171051025391,57.01470375061035,0.1,1
1750794843.5900981,2,5.368709564208984,10.178804397583008,4.675388336181641,2.8035640716552734,2.2385120391845703,0.16427040100097656,0.2868175506591797,2.8684139251708984,1.6243457794189453,1.2028217315673828,12.593984603881836,5.67626953125,3.389596939086914,1.3492107391357422,1.4824867248535156,49.93152618408203,0.1,1
1750794844.5577154,3,7.8792572021484375,11.60740852355957,5.581140518188477,3.0088424682617188,2.474546432495117,0.17499923706054688,0.35643577575683594,4.543066024780273,2.950429916381836,1.5301704406738281,12.773513793945312,5.997419357299805,3.595113754272461,1.2204647064208984,1.4979839324951172,57.54995346069336,0.1,1
1750794845.6131973,4,4.015684127807617,17.212390899658203,12.035369873046875,2.4716854095458984,2.2389888763427734,0.1659393310546875,0.2903938293457031,4.437685012817383,1.5985965728759766,2.79998779296875,19.159555435180664,5.366325378417969,11.063098907470703,5.791664123535156,4.678249359130859,75.81925392150879,0.1,1
1750794846.5944543,5,4.526853561401367,13.381242752075195,4.870176315307617,4.634857177734375,3.2579898834228516,0.19812583923339844,0.4055500030517578,2.9985904693603516,1.7094612121582031,1.2447834014892578,17.09723472595215,8.29315185546875,3.8154125213623047,1.1441707611083984,1.3647079467773438,55.678367614746094,0.1,1
1750794847.5902224,6,6.727933883666992,12.958765029907227,5.884408950805664,3.4646987915039062,3.059864044189453,0.1933574676513672,0.3440380096435547,2.877950668334961,1.5676021575927734,1.2693405151367188,13.482809066772461,7.295370101928711,3.095388412475586,1.21307373046875,1.3797283172607422,55.45926094055176,0.1,1
1750794848.5090072,1,3.7431716918945312,3.8862228393554688,2.0318031311035156,0.9598731994628906,0.7309913635253906,0.05984306335449219,0.09942054748535156,1.6353130340576172,1.1436939239501953,0.4734992980957031,12.546539306640625,5.584239959716797,3.650665283203125,1.4984607696533203,1.6057491302490234,32.65786170959473,0.1,1
1750794849.5924783,2,4.74238395690918,9.6893310546875,4.54401969909668,2.463817596435547,2.2068023681640625,0.16832351684570312,0.2951622009277344,4.14276123046875,2.816915512084961,1.2836456298828125,16.536951065063477,7.227182388305664,5.283355712890625,2.3009777069091797,1.911163330078125,55.49335479736328,0.1,1
1750794850.541431,3,3.8483142852783203,7.279396057128906,3.6182403564453125,1.8489360809326172,1.466989517211914,0.11563301086425781,0.22149085998535156,1.2483596801757812,0.7071495056152344,0.5230903625488281,12.715339660644531,5.048036575317383,4.023075103759766,1.4371871948242188,2.032041549682617,36.07583045959473,0.1,1
1750794851.5977619,4,6.178617477416992,10.477781295776367,4.814386367797852,2.7532577514648438,2.4454593658447266,0.16498565673828125,0.28896331787109375,2.8769969940185547,1.6481876373291016,1.1892318725585938,12.847900390625,5.180120468139648,3.880739212036133,1.2960433959960938,2.0127296447753906,51.54275894165039,0.1,1
1750794852.5895398,5,7.310628890991211,9.739875793457031,4.962682723999023,2.281665802001953,2.070903778076172,0.15044212341308594,0.26416778564453125,3.5424232482910156,2.3126602172851562,1.1920928955078125,15.047550201416016,6.69407844543457,4.1980743408203125,1.5511512756347656,2.082347869873047,57.13009834289551,0.1,1
1750794853.7105842,6,6.058692932128906,9.94420051574707,4.795074462890625,2.598285675048828,2.120494842529297,0.152587890625,0.26726722717285156,2.6786327362060547,1.440286636352539,1.1992454528808594,12.572765350341797,5.393505096435547,3.6287307739257812,1.3973712921142578,1.6412734985351562,50.261497497558594,0.1,1
1750794854.578408,1,2.602815628051758,3.094196319580078,1.737833023071289,0.7090568542480469,0.5238056182861328,0.046253204345703125,0.07462501525878906,0.8878707885742188,0.5018711090087891,0.3733634948730469,12.893438339233398,6.438970565795898,3.332376480102539,1.1286735534667969,1.2402534484863281,28.541088104248047,0.1,1
1750794855.5874,2,3.764629364013672,10.062217712402344,5.016326904296875,2.357959747314453,2.2437572479248047,0.1575946807861328,0.2758502960205078,2.3343563079833984,1.4252662658691406,0.8797645568847656,15.53034782409668,8.498668670654297,3.5893917083740234,1.230001449584961,1.5075206756591797,48.584699630737305,0.1,1
1750794856.554201,3,2.428293228149414,5.246877670288086,1.8799304962158203,1.2323856353759766,1.9769668579101562,0.053882598876953125,0.10013580322265625,0.9126663208007812,0.5314350128173828,0.36978721618652344,11.2457275390625,5.05375862121582,3.2176971435546875,1.2729167938232422,1.3439655303955078,29.093265533447266,0.1,1
1750794857.6473217,4,6.088733673095703,9.728670120239258,4.728078842163086,2.398967742919922,2.115964889526367,0.1533031463623047,0.32258033752441406,2.8028488159179688,1.4846324920654297,1.2826919555664062,14.617443084716797,7.306337356567383,3.8008689880371094,1.3840198516845703,1.5201568603515625,53.47156524658203,0.1,1
1750794858.606057,5,4.218578338623047,18.687009811401367,12.638330459594727,2.656221389770508,2.9168128967285156,0.16880035400390625,0.2961158752441406,4.431009292602539,2.251148223876953,2.148151397705078,18.8140869140625,4.963159561157227,10.180473327636719,5.028009414672852,4.5604705810546875,74.79190826416016,0.1,1
1750794859.6457596,6,6.799459457397461,10.186195373535156,4.955291748046875,2.515554428100586,2.216339111328125,0.1888275146484375,0.2989768981933594,2.9745101928710938,1.676321029663086,1.257181167602539,19.151687622070312,5.370378494262695,9.453773498535156,1.6438961029052734,6.090402603149414,60.1649284362793,0.1,1
1750794860.6235874,1,2.619028091430664,3.690958023071289,1.783609390258789,1.1641979217529297,0.6122589111328125,0.04792213439941406,0.07963180541992188,1.043081283569336,0.6225109100341797,0.4074573516845703,16.89600944519043,4.906415939331055,7.11369514465332,2.937793731689453,3.5860538482666016,33.05983543395996,0.1,1
1750794861.5756693,2,5.164623260498047,6.703376770019531,2.92205810546875,1.8129348754882812,1.6226768493652344,0.1220703125,0.2167224884033203,2.1598339080810547,1.1692047119140625,0.9629726409912109,17.789125442504883,7.2765350341796875,7.0934295654296875,1.3883113861083984,5.130767822265625,49.31473731994629,0.1,1
1750794862.5795348,3,4.105806350708008,10.142326354980469,4.84776496887207,2.566099166870117,2.254962921142578,0.16570091247558594,0.2970695495605469,3.6623477935791016,2.2497177124023438,1.3687610626220703,12.432336807250977,5.152702331542969,3.5521984100341797,1.2698173522949219,1.7004013061523438,48.92158508300781,0.1,1
1750794863.6555398,4,5.308389663696289,16.93558692932129,12.325048446655273,2.428293228149414,1.8725395202636719,0.10633468627929688,0.1952648162841797,2.2652149200439453,1.088857650756836,1.155853271484375,20.03622055053711,7.58051872253418,9.564638137817383,4.668951034545898,4.383325576782227,63.631296157836914,0.1,1
1750794864.615739,5,4.498004913330078,11.375904083251953,5.66554069519043,2.885580062866211,2.2935867309570312,0.2052783966064453,0.3135204315185547,3.332376480102539,1.9712448120117188,1.3186931610107422,16.525745391845703,7.650852203369141,3.5414695739746094,1.3315677642822266,1.6326904296875,55.31001091003418,0.1,1
1750794865.5728772,6,3.4584999084472656,8.547782897949219,4.877328872680664,2.1610260009765625,1.2364387512207031,0.10204315185546875,0.16355514526367188,1.9080638885498047,1.2583732604980469,0.6253719329833984,14.129638671875,8.000850677490234,3.434896469116211,1.2586116790771484,1.2271404266357422,40.344953536987305,0.1,1
1750794866.6432612,1,4.343748092651367,10.648727416992188,5.158901214599609,2.6159286499023438,2.3937225341796875,0.1690387725830078,0.3001689910888672,3.473043441772461,2.3658275604248047,1.0712146759033203,13.36050033569336,5.658864974975586,3.746509552001953,1.4221668243408203,1.462697982788086,49.814462661743164,0.1,1
1750794867.6496193,2,5.440950393676758,18.455982208251953,13.47494125366211,3.3409595489501953,1.3628005981445312,0.1010894775390625,0.16760826110839844,2.2373199462890625,0.8180141448974609,1.3971328735351562,17.559528350830078,5.520343780517578,9.276151657104492,4.53639030456543,3.7033557891845703,61.97547912597656,0.1,1
1750794868.593097,3,3.5092830657958984,13.333797454833984,6.021022796630859,3.144502639770508,3.3888816833496094,0.2396106719970703,0.5216598510742188,2.8018951416015625,1.6973018646240234,1.066446304321289,16.22796058654785,7.075786590576172,4.358053207397461,1.1703968048095703,1.4846324920654297,53.050994873046875,0.1,1
1750794869.6233296,4,2.590656280517578,3.0045509338378906,1.650094985961914,0.7126331329345703,0.5204677581787109,0.046253204345703125,0.07200241088867188,0.8208751678466797,0.45180320739746094,0.35881996154785156,14.934778213500977,6.318092346191406,5.379915237426758,2.0890235900878906,2.3241043090820312,30.20334243774414,0.1,1
1750794870.6275284,5,6.487607955932617,10.46609878540039,4.939556121826172,2.591848373413086,2.4230480194091797,0.16617774963378906,0.3349781036376953,3.122091293334961,1.7719268798828125,1.2958049774169922,14.880657196044922,8.204936981201172,3.685474395751953,1.5614032745361328,1.390218734741211,58.40420722961426,0.1,1
1750794871.614229,1,5.797863006591797,12.101411819458008,4.917383193969727,2.6137828826904297,2.9497146606445312,0.44536590576171875,1.1625289916992188,3.2770633697509766,1.9261837005615234,1.3089179992675781,14.997482299804688,7.585763931274414,3.7322044372558594,1.3451576232910156,1.4088153839111328,57.106733322143555,0.1,1
1750794872.5821068,2,3.2792091369628906,3.023862838745117,1.7087459564208984,0.6914138793945312,0.5047321319580078,0.045299530029296875,0.07152557373046875,0.8585453033447266,0.5044937133789062,0.34308433532714844,14.387845993041992,6.880283355712891,4.772663116455078,2.855062484741211,1.3966560363769531,32.02939033508301,0.1,1
1750794873.551012,3,2.632617950439453,4.632472991943359,2.1278858184814453,1.6193389892578125,0.743865966796875,0.05221366882324219,0.08535385131835938,0.9262561798095703,0.5137920379638672,0.39958953857421875,16.041994094848633,4.984617233276367,7.942914962768555,3.5436153411865234,3.819704055786133,33.49041938781738,0.1,1
1750794874.57088,4,2.6187896728515625,2.9790401458740234,1.5683174133300781,0.7638931274414062,0.5257129669189453,0.04482269287109375,0.07414817810058594,0.8344650268554688,0.43773651123046875,0.3857612609863281,10.410070419311523,4.939556121826172,2.734661102294922,1.0421276092529297,1.1172294616699219,25.33745765686035,0.1,1
1750794875.585965,5,2.4416446685791016,3.263711929321289,1.8231868743896484,0.7925033569335938,0.5254745483398438,0.04553794860839844,0.07367134094238281,0.9381771087646484,0.5130767822265625,0.4134178161621094,15.428304672241211,9.240150451660156,3.2498836517333984,1.142263412475586,1.2073516845703125,36.78178787231445,0.1,1
1750794876.5936584,6,2.632617950439453,5.018472671508789,3.5295486450195312,0.7691383361816406,0.5843639373779297,0.05054473876953125,0.08177757263183594,1.6040802001953125,0.8168220520019531,0.7739067077636719,17.876863479614258,6.315708160400391,8.625507354736328,4.350423812866211,3.7026405334472656,41.95451736450195,0.1,1
1750794877.6061714,1,2.866983413696289,2.964019775390625,1.6238689422607422,0.6990432739257812,0.5209445953369141,0.045299530029296875,0.07152557373046875,1.1873245239257812,0.7529258728027344,0.42247772216796875,12.057304382324219,5.261421203613281,2.5866031646728516,0.9720325469970703,1.0235309600830078,27.689218521118164,0.1,1
1750794878.584129,2,2.623319625854492,4.669189453125,3.3435821533203125,0.6968975067138672,0.5102157592773438,0.04458427429199219,0.07152557373046875,1.195669174194336,0.492095947265625,0.6926059722900391,17.234086990356445,4.948616027832031,9.545087814331055,4.758596420288086,4.206418991088867,38.71726989746094,0.1,1
1750794879.627345,3,2.5844573974609375,2.992391586303711,1.6109943389892578,0.7243156433105469,0.5342960357666016,0.04506111145019531,0.07462501525878906,0.7762908935546875,0.4258155822753906,0.3390312194824219,11.627435684204102,4.9228668212890625,2.6450157165527344,1.0395050048828125,1.0387897491455078,26.456832885742188,0.1,1
1750794880.6332574,4,2.6216506958007812,3.400564193725586,1.922607421875,0.7562637329101562,0.5903244018554688,0.04863739013671875,0.07963180541992188,0.8375644683837891,0.48089027404785156,0.34546852111816406,10.625839233398438,4.968404769897461,2.888917922973633,1.1587142944335938,1.1453628540039062,26.2753963470459,0.1,1
1750794881.619197,5,2.6154518127441406,3.1502246856689453,1.6736984252929688,0.7748603820800781,0.5717277526855469,0.04887580871582031,0.07796287536621094,0.8597373962402344,0.48351287841796875,0.3638267517089844,10.597467422485352,4.958152770996094,2.8231143951416016,0.9646415710449219,1.2977123260498047,25.74896812438965,0.1,1
1750794882.6225288,1,3.5178661346435547,3.1905174255371094,1.753091812133789,0.7455348968505859,0.5605220794677734,0.04887580871582031,0.07963180541992188,0.8146762847900391,0.4551410675048828,0.3485679626464844,10.062932968139648,5.049943923950195,2.4025440216064453,0.8790493011474609,0.9629726409912109,27.584314346313477,0.1,1
1750794883.6645873,2,2.615213394165039,3.072977066040039,1.6329288482666016,0.7464885711669922,0.5626678466796875,0.04935264587402344,0.07867813110351562,0.8568763732910156,0.48279762268066406,0.3619194030761719,9.954214096069336,4.975318908691406,2.3686885833740234,0.8647441864013672,0.9458065032958984,25.112628936767578,0.1,1
1750794884.64299,3,4.678487777709961,3.113985061645508,1.680612564086914,0.7417201995849609,0.5614757537841797,0.048160552978515625,0.07915496826171875,0.8635520935058594,0.4782676696777344,0.3733634948730469,10.192155838012695,5.060911178588867,2.4716854095458984,0.9202957153320312,0.9973049163818359,28.132915496826172,0.1,1
1750794885.6738503,4,5.926370620727539,4.96363639831543,3.050088882446289,0.8416175842285156,0.8661746978759766,0.08893013000488281,0.11134147644042969,1.2645721435546875,0.7309913635253906,0.5145072937011719,10.521173477172852,5.014657974243164,2.6960372924804688,1.0120868682861328,1.1169910430908203,34.91497039794922,0.1,1
1750794886.741016,5,3.8046836853027344,4.419565200805664,2.1619796752929688,1.1014938354492188,0.9286403656005859,0.07796287536621094,0.14519691467285156,1.4548301696777344,1.0020732879638672,0.43773651123046875,11.646032333374023,5.807399749755859,3.104686737060547,1.3415813446044922,1.1935234069824219,30.927181243896484,0.1,1
1750794887.6940703,1,2.6078224182128906,3.149747848510742,1.6961097717285156,0.7476806640625,0.5733966827392578,0.04982948303222656,0.080108642578125,0.8254051208496094,0.45490264892578125,0.35881996154785156,11.476755142211914,6.661415100097656,2.327442169189453,0.8578300476074219,0.9126663208007812,26.515722274780273,0.1,1
1750794888.642948,2,2.5701522827148438,3.1180381774902344,1.6684532165527344,0.7462501525878906,0.5710124969482422,0.050067901611328125,0.07915496826171875,0.8821487426757812,0.4699230194091797,0.39887428283691406,9.966850280761719,5.017995834350586,2.336740493774414,0.8490085601806641,0.9374618530273438,26.490449905395508,0.1,1
1750794889.6844592,3,2.6094913482666016,4.404783248901367,2.1162033081054688,1.6334056854248047,0.5323886871337891,0.046253204345703125,0.07390975952148438,0.8227825164794922,0.4444122314453125,0.36525726318359375,10.389566421508789,5.007505416870117,2.763986587524414,1.1889934539794922,0.9942054748535156,27.202367782592773,0.1,1
1750794890.6895375,4,3.4177303314208984,2.9714107513427734,1.6171932220458984,0.7114410400390625,0.5197525024414062,0.04553794860839844,0.07510185241699219,0.8661746978759766,0.4901885986328125,0.3628730773925781,10.159492492675781,5.003929138183594,2.613544464111328,0.9224414825439453,1.1327266693115234,27.788877487182617,0.1,1
1750794891.6981297,5,2.7289390563964844,3.36456298828125,2.012491226196289,0.6947517395019531,0.5388259887695312,0.04363059997558594,0.07128715515136719,0.8146762847900391,0.4467964172363281,0.35691261291503906,11.240243911743164,4.956722259521484,3.071308135986328,0.9946823120117188,1.5130043029785156,26.728153228759766,0.1,1
1750794893.5318367,6,2.6481151580810547,3.351926803588867,1.7299652099609375,0.8130073547363281,0.6668567657470703,0.05340576171875,0.08654594421386719,1.1506080627441406,0.6811618804931641,0.453948974609375,15.46931266784668,6.607532501220703,4.602193832397461,1.9562244415283203,1.9817352294921875,32.28020668029785,0.1,1
1750794894.7440398,1,2.607107162475586,3.4706592559814453,1.6264915466308594,0.9262561798095703,0.7660388946533203,0.05125999450683594,0.09703636169433594,0.8466243743896484,0.4622936248779297,0.37288665771484375,13.487100601196289,6.471395492553711,4.081010818481445,1.064300537109375,1.2955665588378906,29.134273529052734,0.1,1
1750794895.7129357,2,3.23486328125,3.003358840942383,1.699686050415039,0.6844997406005859,0.49996376037597656,0.04482269287109375,0.07152557373046875,0.8571147918701172,0.4818439483642578,0.3643035888671875,9.929656982421875,5.060911178588867,2.359151840209961,0.9250640869140625,0.9055137634277344,26.8094539642334,0.1,1
1750794896.7804208,3,3.8726329803466797,3.0367374420166016,1.6984939575195312,0.6995201110839844,0.5159378051757812,0.045299530029296875,0.07462501525878906,1.0151863098144531,0.5915164947509766,0.4093647003173828,11.692047119140625,5.7735443115234375,3.419637680053711,1.3873577117919922,1.463174819946289,29.016494750976562,0.1,1
1750794897.7914448,4,2.668619155883789,3.6313533782958984,1.9938945770263672,0.823974609375,0.6611347198486328,0.05602836608886719,0.09274482727050781,0.9951591491699219,0.5497932434082031,0.43082237243652344,14.312744140625,5.6400299072265625,3.678560256958008,1.394033432006836,1.7826557159423828,32.80496597290039,0.1,1
1750794898.5918784,5,4.4231414794921875,3.7336349487304688,1.9092559814453125,0.9605884552001953,0.7059574127197266,0.05888938903808594,0.09465217590332031,1.0864734649658203,0.5881786346435547,0.4837512969970703,11.057615280151367,5.104541778564453,2.873659133911133,1.0445117950439453,1.2707710266113281,30.124425888061523,0.1,1
1750794899.6293867,1,2.6655197143554688,5.863666534423828,4.145383834838867,0.8769035339355469,0.6868839263916016,0.05745887756347656,0.09369850158691406,2.00653076171875,0.5917549133300781,1.4002323150634766,20.262479782104492,6.506681442260742,10.580778121948242,5.156755447387695,4.4708251953125,46.69046401977539,0.1,1
1750794900.5664146,2,2.6755332946777344,3.4012794494628906,1.775979995727539,0.8311271667480469,0.6451606750488281,0.05459785461425781,0.09083747863769531,1.0714530944824219,0.5812644958496094,0.4761219024658203,12.877702713012695,5.071163177490234,2.811431884765625,1.0073184967041016,1.2526512145996094,29.224872589111328,0.1,1
1750794901.532319,3,2.336263656616211,3.3769607543945312,1.7507076263427734,0.812530517578125,0.6642341613769531,0.05459785461425781,0.091552734375,1.0385513305664062,0.5688667297363281,0.4565715789794922,10.713577270507812,5.081653594970703,2.6366710662841797,0.9799003601074219,1.0988712310791016,28.056859970092773,0.1,1
1750794902.5898857,4,2.609729766845703,5.749940872192383,4.052877426147461,0.8962154388427734,0.6518363952636719,0.05412101745605469,0.09083747863769531,1.9907951354980469,0.6361007690429688,1.340627670288086,20.416736602783203,7.507562637329102,10.030508041381836,4.737138748168945,4.696130752563477,46.059370040893555,0.1,1
1750794903.522242,5,4.149675369262695,3.4456253051757812,1.9245147705078125,0.8008480072021484,0.5791187286376953,0.05245208740234375,0.0858306884765625,1.3806819915771484,0.7758140563964844,0.5872249603271484,13.563156127929688,6.429433822631836,4.445075988769531,1.0428428649902344,2.848386764526367,33.1878662109375,0.1,1
1750794904.6365013,6,3.132343292236328,3.9093494415283203,1.9843578338623047,0.8494853973388672,0.9276866912841797,0.05507469177246094,0.08893013000488281,1.2481212615966797,0.7569789886474609,0.4749298095703125,12.567758560180664,6.611347198486328,2.759695053100586,1.0266304016113281,1.1684894561767578,31.383037567138672,0.1,1
1750794905.515359,1,2.376079559326172,3.586292266845703,1.8157958984375,0.8924007415771484,0.7266998291015625,0.055789947509765625,0.09202957153320312,1.8858909606933594,1.4042854309082031,0.46753883361816406,11.39068603515625,5.812168121337891,2.672910690307617,0.9267330169677734,1.1987686157226562,30.869245529174805,0.1,1
1750794906.653924,2,3.121614456176758,3.4918785095214844,1.8041133880615234,0.8594989776611328,0.6740093231201172,0.0553131103515625,0.09489059448242188,1.0454654693603516,0.5576610565185547,0.47469139099121094,11.614799499511719,5.4111480712890625,3.3750534057617188,1.5759468078613281,1.2083053588867188,29.0830135345459,0.1,1
1750794907.5522716,3,5.154609680175781,3.6263465881347656,1.9073486328125,0.8709430694580078,0.6911754608154297,0.05650520324707031,0.09679794311523438,1.0483264923095703,0.5800724029541016,0.453948974609375,13.097524642944336,5.158424377441406,5.067348480224609,1.155853271484375,3.3566951751708984,33.30349922180176,0.1,1
1750794909.5782843,4,5.172252655029297,4.7702789306640625,2.3450851440429688,1.1930465698242188,1.0128021240234375,0.0743865966796875,0.1404285430908203,1.4467239379882812,0.9007453918457031,0.5280971527099609,18.958091735839844,5.489826202392578,7.51185417175293,1.3246536254882812,4.20069694519043,41.769981384277344,0.1,1
1750794910.9405382,5,3.4813880920410156,7.124185562133789,3.2241344451904297,1.346588134765625,2.2335052490234375,0.1087188720703125,0.2048015594482422,1.7685890197753906,1.0437965393066406,0.6985664367675781,19.09923553466797,8.540630340576172,4.078149795532227,1.6560554504394531,1.7380714416503906,51.024436950683594,0.1,1
1750794957.631078,1,3.182649612426758,8.54182243347168,5.682229995727539,1.499176025390625,1.1043548583984375,0.08893013000488281,0.16045570373535156,1.1072158813476562,0.8141994476318359,0.26345252990722656,22.907257080078125,4.935979843139648,9.543418884277344,1.7714500427246094,7.356405258178711,52.84476280212402,0.1,1
1750794958.6096263,1,5.278110504150391,6.397008895874023,1.2693405151367188,2.377748489379883,2.318859100341797,0.1513957977294922,0.2701282501220703,2.338409423828125,1.8770694732666016,0.42366981506347656,48.760175704956055,6.266593933105469,35.96782684326172,18.167495727539062,17.21978187561035,89.41078186035156,0.1,1
1750794959.6288016,2,4.967689514160156,6.695747375488281,1.6565322875976562,2.358675003051758,2.2118091583251953,0.16570091247558594,0.29277801513671875,2.7723312377929688,2.1123886108398438,0.6113052368164062,17.142772674560547,5.457639694213867,8.105278015136719,1.6932487487792969,5.863666534423828,54.593801498413086,0.1,1
1750794960.6389263,3,5.404949188232422,7.477283477783203,2.283811569213867,2.5212764739990234,2.2039413452148438,0.16427040100097656,0.293731689453125,2.199411392211914,1.5285015106201172,0.6222724914550781,16.829729080200195,6.401777267456055,3.903627395629883,1.3699531555175781,1.7249584197998047,54.11934852600098,0.1,1
1750794961.5678654,4,4.719018936157227,8.711576461791992,2.6988983154296875,3.2498836517333984,2.2394657135009766,0.19979476928710938,0.31185150146484375,2.682924270629883,2.0868778228759766,0.5617141723632812,12.110471725463867,5.440711975097656,3.197193145751953,1.203775405883789,1.4183521270751953,45.86052894592285,0.1,1
1750794962.5807374,5,5.038738250732422,8.39853286743164,3.083467483520508,2.6025772094726562,2.233743667602539,0.16999244689941406,0.2980232238769531,2.431631088256836,1.5709400177001953,0.8194446563720703,15.795707702636719,8.263826370239258,3.635406494140625,1.2717247009277344,1.5764236450195312,52.57105827331543,0.1,1
1750794963.6338952,6,3.778696060180664,7.8334808349609375,4.967689514160156,1.3811588287353516,1.2161731719970703,0.0934600830078125,0.16927719116210938,1.539468765258789,0.9331703186035156,0.5764961242675781,20.926237106323242,6.127357482910156,11.539220809936523,5.568504333496094,4.925012588500977,57.034969329833984,0.1,1
1750794964.6020665,1,4.90260124206543,9.142398834228516,3.8645267486572266,2.4902820587158203,2.3081302642822266,0.17213821411132812,0.2970695495605469,2.626180648803711,1.5108585357666016,1.0769367218017578,17.310142517089844,7.920265197753906,3.6385059356689453,1.2202262878417969,1.5079975128173828,53.39503288269043,0.1,1
1750794965.5717027,2,6.036043167114258,10.099172592163086,4.510164260864258,2.688169479370117,2.420186996459961,0.17023086547851562,0.29969215393066406,3.5822391510009766,2.299070358276367,1.241445541381836,12.713909149169922,5.309343338012695,3.5750865936279297,1.3797283172607422,1.6107559204101562,52.591800689697266,0.1,1
1750794966.6342347,3,5.879640579223633,10.73145866394043,4.719734191894531,2.3632049560546875,2.9549598693847656,0.22411346435546875,0.45752525329589844,3.0596256256103516,1.6932487487792969,1.3275146484375,13.634681701660156,6.39033317565918,3.6590099334716797,1.6336441040039062,1.4462471008300781,52.227020263671875,0.1,1
1750794967.6486456,4,5.226850509643555,17.087936401367188,11.789083480834961,2.7320384979248047,2.1402835845947266,0.15044212341308594,0.2658367156982422,4.393339157104492,1.6582012176513672,2.6924610137939453,19.56629753112793,6.491661071777344,10.013818740844727,5.094051361083984,4.335880279541016,72.5553035736084,0.1,1
1750794968.5488694,5,2.872467041015625,3.0815601348876953,1.7349720001220703,0.7107257843017578,0.5147457122802734,0.04553794860839844,0.07343292236328125,0.9028911590576172,0.4897117614746094,0.40078163146972656,12.922048568725586,5.248308181762695,3.1585693359375,1.0921955108642578,1.4889240264892578,28.7778377532959,0.1,1
1750794969.566392,6,2.87628173828125,3.288745880126953,1.714468002319336,0.8623600006103516,0.5793571472167969,0.04982948303222656,0.08034706115722656,2.4056434631347656,1.9955635070800781,0.3960132598876953,17.2882080078125,5.378007888793945,9.107589721679688,4.667997360229492,3.853321075439453,36.46373748779297,0.1,1
1750794970.5779018,1,3.2587051391601562,3.0808448791503906,1.7001628875732422,0.7233619689941406,0.5328655242919922,0.04744529724121094,0.07486343383789062,1.026153564453125,0.5941390991210938,0.41985511779785156,11.277437210083008,5.54347038269043,2.9141902923583984,1.1072158813476562,1.2238025665283203,27.771711349487305,0.1,1
1750794971.6033206,2,6.947040557861328,5.0754547119140625,2.691030502319336,1.1756420135498047,0.9963512420654297,0.08034706115722656,0.12683868408203125,5.753040313720703,0.7617473602294922,4.959344863891602,22.741079330444336,8.587121963500977,6.692171096801758,1.7399787902832031,3.277301788330078,57.72995948791504,0.1,1
1750794973.571894,3,2.473592758178711,3.2219886779785156,1.6024112701416016,0.8234977722167969,0.6735324859619141,0.047206878662109375,0.07295608520507812,1.8463134765625,1.463174819946289,0.37097930908203125,10.20669937133789,4.819154739379883,2.7501583099365234,1.0585784912109375,1.1749267578125,26.436328887939453,0.1,1
1750794974.610728,4,3.842592239379883,3.026247024536133,1.6944408416748047,0.6995201110839844,0.5109310150146484,0.04506111145019531,0.07343292236328125,1.4276504516601562,1.0464191436767578,0.3681182861328125,14.026403427124023,6.417274475097656,4.820585250854492,2.4290084838867188,1.4820098876953125,31.568527221679688,0.1,1
1750794975.5709157,1,3.4465789794921875,3.6089420318603516,1.8732547760009766,0.7145404815673828,0.8959770202636719,0.047206878662109375,0.07462501525878906,0.9021759033203125,0.4928112030029297,0.39696693420410156,12.576818466186523,5.384922027587891,2.704143524169922,1.012563705444336,1.1131763458251953,30.190229415893555,0.1,1
1750794976.5805798,2,2.5908946990966797,4.680156707763672,3.3502578735351562,0.6933212280273438,0.5130767822265625,0.04696846008300781,0.07414817810058594,1.1513233184814453,0.4401206970214844,0.7004737854003906,19.344806671142578,8.1329345703125,8.409261703491211,4.201650619506836,3.6361217498779297,39.64543342590332,0.1,1
1750794977.6191509,3,2.6242733001708984,3.0100345611572266,1.6548633575439453,0.7045269012451172,0.5254745483398438,0.04744529724121094,0.07486343383789062,0.9284019470214844,0.5211830139160156,0.3943443298339844,17.55380630493164,5.414724349975586,7.816076278686523,4.17780876159668,3.0565261840820312,34.96694564819336,0.1,1
1750794978.6054265,4,2.2878646850585938,7.099390029907227,2.035856246948242,2.3021697998046875,2.6369094848632812,0.0457763671875,0.07534027099609375,0.9298324584960938,0.49877166748046875,0.41675567626953125,12.11094856262207,5.62739372253418,3.3872127532958984,0.9896755218505859,1.3966560363769531,31.723499298095703,0.1,1
1750794979.6292453,5,2.600431442260742,4.719018936157227,1.9619464874267578,1.1072158813476562,1.5256404876708984,0.04863739013671875,0.07319450378417969,0.8187294006347656,0.45561790466308594,0.35190582275390625,11.270523071289062,5.752086639404297,2.898693084716797,1.2769699096679688,1.0607242584228516,28.47599983215332,0.1,1
1750794980.6873014,1,4.055976867675781,3.810405731201172,1.8379688262939453,1.1930465698242188,0.6513595581054688,0.049591064453125,0.07462501525878906,0.827789306640625,0.4591941833496094,0.35643577575683594,13.164758682250977,6.318330764770508,4.302501678466797,2.395153045654297,1.0445117950439453,30.864238739013672,0.1,1
1750794981.6382275,2,3.7844181060791016,3.2396316528320312,1.8663406372070312,0.7183551788330078,0.5321502685546875,0.04649162292480469,0.07367134094238281,0.9326934814453125,0.47469139099121094,0.4417896270751953,11.630058288574219,6.201744079589844,2.8498172760009766,1.1107921600341797,1.2145042419433594,31.10671043395996,0.1,1
1750794982.6533008,3,2.6221275329589844,3.1654834747314453,1.669168472290039,0.8275508880615234,0.5443096160888672,0.04744529724121094,0.07343292236328125,0.8344650268554688,0.4432201385498047,0.3795623779296875,13.065576553344727,6.603240966796875,3.318309783935547,1.2469291687011719,1.161813735961914,28.51271629333496,0.1,1
1750794983.7019312,4,2.6314258575439453,3.8428306579589844,1.8138885498046875,1.2774467468261719,0.6101131439208984,0.051975250244140625,0.08559226989746094,1.1150836944580078,0.698089599609375,0.40340423583984375,11.485815048217773,5.488872528076172,3.216981887817383,0.9596347808837891,1.3728141784667969,28.86056900024414,0.1,1
1750794984.694676,5,2.535104751586914,3.6530494689941406,2.022266387939453,0.8442401885986328,0.6392002105712891,0.06389617919921875,0.07987022399902344,0.9746551513671875,0.5815029144287109,0.3809928894042969,12.330770492553711,5.904197692871094,3.1213760375976562,1.0132789611816406,1.1858940124511719,29.300689697265625,0.1,1
1750794985.7008548,1,2.7081966400146484,4.447221755981445,1.8754005432128906,0.8227825164794922,1.608133316040039,0.05459785461425781,0.08368492126464844,1.4538764953613281,1.028299331665039,0.4119873046875,15.902519226074219,6.767511367797852,2.6674270629882812,0.9016990661621094,1.207590103149414,36.010026931762695,0.1,1
1750794987.5675669,2,3.7584304809570312,8.042335510253906,3.5152435302734375,2.2802352905273438,1.9121170043945312,0.11086463928222656,0.2162456512451172,2.5734901428222656,1.0342597961425781,1.508951187133789,23.045778274536133,5.6438446044921875,4.051923751831055,1.3184547424316406,1.6262531280517578,59.79418754577637,0.1,1
1750794988.5538201,3,2.637624740600586,6.867647171020508,5.101442337036133,0.9410381317138672,0.6661415100097656,0.06127357482910156,0.09274482727050781,1.529693603515625,0.614166259765625,0.9009838104248047,19.86098289489746,5.9032440185546875,10.012626647949219,4.587411880493164,4.864931106567383,45.32456398010254,0.1,1
1750794989.6992877,4,2.5835037231445312,3.2346248626708984,1.8696784973144531,0.7083415985107422,0.5309581756591797,0.04696846008300781,0.07534027099609375,0.8199214935302734,0.44226646423339844,0.3662109375,16.452550888061523,5.4225921630859375,6.465673446655273,3.584146499633789,2.3114681243896484,31.97193145751953,0.1,1
1750794990.7636485,1,2.7666091918945312,3.531217575073242,2.080678939819336,0.7450580596923828,0.5602836608886719,0.04887580871582031,0.09250640869140625,0.9150505065917969,0.5152225494384766,0.3871917724609375,14.129638671875,5.030632019042969,6.396293640136719,2.6979446411132812,3.134012222290039,31.742095947265625,0.1,1
1750794993.5176432,2,2.6798248291015625,3.6859512329101562,1.9135475158691406,0.8990764617919922,0.713348388671875,0.05793571472167969,0.09799003601074219,1.0921955108642578,0.5981922149658203,0.47779083251953125,11.443138122558594,5.149602890014648,3.0231475830078125,1.074075698852539,1.3859272003173828,28.89084815979004,0.1,1
1750794994.7377427,3,2.6564598083496094,2.99072265625,1.617431640625,0.7011890411376953,0.5497932434082031,0.04601478576660156,0.07367134094238281,0.9667873382568359,0.576019287109375,0.3762245178222656,14.675378799438477,4.974126815795898,7.129430770874023,4.3621063232421875,2.2063255310058594,30.80153465270996,0.1,1
1750794995.7473006,1,2.609729766845703,3.0841827392578125,1.692056655883789,0.7281303405761719,0.5388259887695312,0.047206878662109375,0.07486343383789062,0.8304119110107422,0.44274330139160156,0.3733634948730469,14.775514602661133,5.740880966186523,6.057977676391602,2.6192665100097656,2.869129180908203,31.281471252441406,0.1,1
1750794996.7211194,2,2.954244613647461,4.751443862915039,2.0112991333007812,1.989603042602539,0.6248950958251953,0.047206878662109375,0.07581710815429688,0.8263587951660156,0.45371055603027344,0.3592967987060547,10.118722915649414,4.9877166748046875,2.6319026947021484,0.9951591491699219,1.0678768157958984,27.261972427368164,0.1,1
1750794997.7567685,3,2.5854110717773438,3.1347274780273438,1.789093017578125,0.7014274597167969,0.5230903625488281,0.04458427429199219,0.07367134094238281,0.8265972137451172,0.4425048828125,0.3712177276611328,10.581731796264648,4.98509407043457,3.016948699951172,1.3704299926757812,1.0786056518554688,25.665760040283203,0.1,1
1750794999.7929597,4,2.6121139526367188,4.169702529907227,1.9652843475341797,1.5175342559814453,0.5631446838378906,0.04649162292480469,0.07414817810058594,1.0266304016113281,0.5557537078857422,0.457763671875,10.306119918823242,4.993200302124023,2.6197433471679688,0.9765625,1.0793209075927734,26.69548988342285,0.1,1
1750795000.793252,1,3.100156784057617,3.354310989379883,1.7414093017578125,0.9660720825195312,0.5238056182861328,0.0457763671875,0.0743865966796875,0.9450912475585938,0.49996376037597656,0.4329681396484375,10.290861129760742,5.044221878051758,2.4733543395996094,0.9188652038574219,0.9961128234863281,26.842594146728516,0.1,1
1750795001.765568,2,2.595663070678711,3.3979415893554688,1.6276836395263672,0.8227825164794922,0.8256435394287109,0.04553794860839844,0.07343292236328125,0.8792877197265625,0.45299530029296875,0.4150867462158203,11.967182159423828,6.86192512512207,2.521038055419922,0.9365081787109375,1.0173320770263672,28.15842628479004,0.1,1
1750795002.768541,3,3.6509037017822266,4.786014556884766,2.655029296875,1.0559558868408203,0.8349418640136719,0.09012222290039062,0.14448165893554688,1.6393661499023438,1.0385513305664062,0.5776882171630859,13.665437698364258,6.8721771240234375,3.1652450561523438,1.2407302856445312,1.300811767578125,37.88471221923828,0.1,1
1750795004.914403,4,3.4079551696777344,6.847620010375977,3.6160945892333984,1.5895366668701172,1.3599395751953125,0.10323524475097656,0.1723766326904297,1.8470287322998047,1.0945796966552734,0.7245540618896484,18.42045783996582,7.187604904174805,6.7424774169921875,1.6472339630126953,4.002571105957031,49.00932312011719,0.1,1
1750795006.6438541,1,2.1789073944091797,3.573894500732422,1.8601417541503906,0.8463859558105469,0.7033348083496094,0.05841255187988281,0.10180473327636719,1.1105537414550781,0.5877017974853516,0.5061626434326172,13.330936431884766,5.536079406738281,2.5033950805664062,0.9512901306152344,1.1551380157470703,30.304431915283203,0.1,1
1750795007.5400658,2,2.317667007446289,4.47392463684082,2.172231674194336,1.2516975402832031,0.885009765625,0.05984306335449219,0.10085105895996094,1.6527175903320312,1.0728836059570312,0.5605220794677734,10.865449905395508,4.913568496704102,2.880096435546875,0.9713172912597656,1.1227130889892578,30.878305435180664,0.1,1
1750795009.55781,3,2.683401107788086,4.2667388916015625,2.5250911712646484,0.8614063262939453,0.7205009460449219,0.05888938903808594,0.09679794311523438,1.3964176177978516,0.8678436279296875,0.5125999450683594,10.613679885864258,4.458427429199219,3.0090808868408203,1.0733604431152344,1.1713504791259766,30.029296875,0.1,1
1750795010.8512225,4,2.643585205078125,2.910137176513672,1.5749931335449219,0.698089599609375,0.5145072937011719,0.04553794860839844,0.07390975952148438,0.8313655853271484,0.44536590576171875,0.3743171691894531,13.292312622070312,5.017280578613281,5.832910537719727,3.259897232055664,1.9953250885009766,28.17678451538086,0.1,1
1750795109.555873,1,2.6361942291259766,16.841888427734375,14.919519424438477,0.8227825164794922,0.9579658508300781,0.05221366882324219,0.0858306884765625,0.9617805480957031,0.5376338958740234,0.41222572326660156,10.283946990966797,5.095243453979492,2.6254653930664062,0.9138584136962891,1.1506080627441406,40.68493843078613,0.1,1
1750795110.9362183,1,3.016233444213867,6.377220153808594,3.315448760986328,1.148223876953125,1.6918182373046875,0.08320808410644531,0.13303756713867188,2.643585205078125,0.9965896606445312,1.6160011291503906,19.127845764160156,5.432367324829102,9.287595748901367,4.482507705688477,4.272699356079102,50.9800910949707,0.1,1
1750795144.4216805,2,3.007650375366211,15.89345932006836,11.152505874633789,2.6826858520507812,1.8758773803710938,0.06937980651855469,0.10800361633300781,1.1622905731201172,0.6868839263916016,0.4589557647705078,17.763853073120117,6.06536865234375,7.745265960693359,2.615690231323242,4.557371139526367,51.24330520629883,0.1,1
